Protein Name,Protein Accession,Peptide Sequence,Peptide Modified Sequence
sp|O75594|PGRP1_HUMAN,O75594,VPTPQAIR,VPTPQAIR
sp|P41222|PTGDS_HUMAN,P41222,MATLYSR,MATLYSR
sp|P00450|CERU_HUMAN,P00450,EYTDASFTNR,EYTDASFTNR
sp|P00450|CERU_HUMAN,P00450,NNEGTYYSPNYNPQSR,NNEGTYYSPNYNPQSR
sp|P19823|ITIH2_HUMAN,P19823,IYLQPGR,IYLQPGR
sp|P19823|ITIH2_HUMAN,P19823,IYGNQDTSSQLK,IYGNQDTSSQLK
sp|Q92692|NECT2_HUMAN,Q92692,AEQVIFVR,AEQVIFVR
sp|P00441|SODC_HUMAN,P00441,HVGDLGNVTADK,HVGDLGNVTADK
sp|P98172|EFNB1_HUMAN,P98172,LDIICPR,LDIIC[+57]PR
sp|A0A0B4J1U7|HV601_HUMAN,A0A0B4J1U7,ITINPDTSK,ITINPDTSK
sp|P01009|A1AT_HUMAN,P01009,QINDYVEK,QINDYVEK
sp|P01009|A1AT_HUMAN,P01009,WERPFEVK,WERPFEVK
sp|P02748|CO9_HUMAN,P02748,DGNTLTYYR,DGNTLTYYR
sp|P02748|CO9_HUMAN,P02748,ALPTTYEK,ALPTTYEK
sp|P02748|CO9_HUMAN,P02748,FEGIACEISK,FEGIAC[+57]EISK
sp|P43652|AFAM_HUMAN,P43652,AIPVTQYLK,AIPVTQYLK
sp|P43652|AFAM_HUMAN,P43652,FTFEYSR,FTFEYSR
sp|P01023|A2MG_HUMAN,P01023,VTAAPQSVCALR,VTAAPQSVC[+57]ALR
sp|P01023|A2MG_HUMAN,P01023,AIGYLNTGYQR,AIGYLNTGYQR
sp|P02760|AMBP_HUMAN,P02760,ETLLQDFR,ETLLQDFR
sp|P02760|AMBP_HUMAN,P02760,TVAACNLPIVR,TVAAC[+57]NLPIVR
sp|P02768|ALBU_HUMAN,P02768,LCTVATLR,LC[+57]TVATLR
sp|P02768|ALBU_HUMAN,P02768,YICENQDSISSK,YIC[+57]ENQDSISSK
sp|P02787|TRFE_HUMAN,P02787,SASDLTWDNLK,SASDLTWDNLK
sp|P02787|TRFE_HUMAN,P02787,EGYYGYTGAFR,EGYYGYTGAFR
sp|Q53RD9|FBLN7_HUMAN,Q53RD9,TPITLFR,TPITLFR
sp|P01011|AACT_HUMAN,P01011,ADLSGITGAR,ADLSGITGAR
sp|P01011|AACT_HUMAN,P01011,NLAVSQVVHK,NLAVSQVVHK
sp|P00738|HPT_HUMAN,P00738,VGYVSGWGR,VGYVSGWGR
sp|P20742|PZP_HUMAN,P20742,ISEITNIVSK,ISEITNIVSK
sp|P01024|CO3_HUMAN,P01024,ISLPESLK,ISLPESLK
sp|P01024|CO3_HUMAN,P01024,TFISPIK,TFISPIK
sp|P00747|PLMN_HUMAN,P00747,FSPATHPSEGLEENYCR,FSPATHPSEGLEENYC[+57]R
sp|P01042|KNG1_HUMAN,P01042,QVVAGLNFR,QVVAGLNFR
sp|P06396|GELS_HUMAN,P06396,TGAQELLR,TGAQELLR
sp|P07911|UROM_HUMAN,P07911,DGPCGTVLTR,DGPC[+57]GTVLTR
sp|P07911|UROM_HUMAN,P07911,VGGTGMFTVR,VGGTGMFTVR
sp|P98160|PGBM_HUMAN,P98160,YQLGSGEAR,YQLGSGEAR
sp|Q12907|LMAN2_HUMAN,Q12907,LVPGPVFGSK,LVPGPVFGSK
sp|Q12907|LMAN2_HUMAN,Q12907,NCIDITGVR,NC[+57]IDITGVR
sp|P02675|FIBB_HUMAN,P02675,QGFGNVATNTDGK,QGFGNVATNTDGK
sp|P68871|HBB_HUMAN,P68871,GTFATLSELHCDK,GTFATLSELHC[+57]DK
sp|P45974|UBP5_HUMAN,P45974,SAADSISESVPVGPK,SAADSISESVPVGPK
